COMMODITY_CODE,predicted_qty_kg,prediction_month
40,792.3868021423847,2026-04
41,13184.960082011175,2026-04
42,792.3868021423847,2026-04
43,13184.960082011175,2026-04
44,792.3868021423847,2026-04
45,0.0,2026-04
